elapsed_s,kbps,pps
2.1,871726.0,446581.0
4.1,823.4,421.8
8.1,828.0,424.2
12.1,825.4,422.8
16.1,825.7,423.0
18.1,827.5,423.9
20.1,829.7,425.1
24.1,825.8,423.0
28.1,826.8,423.6
32.1,826.3,423.3
36.1,827.7,424.0
40.1,828.1,424.2
44.1,823.9,422.1
48.1,825.6,422.9
52.1,824.7,422.5
56.1,829.5,425.0
60.1,826.5,423.4
64.1,819.6,419.9
66.1,824.6,422.4
68.1,833.7,427.1
72.1,823.2,421.7
76.1,829.6,425.0
80.1,830.3,425.3
84.1,829.5,424.9
86.1,827.7,424.0
90.1,829.0,424.7
92.1,834.8,427.7
96.1,823.4,421.8
100.1,826.1,423.2
104.1,827.6,424.0
108.1,830.3,425.4
112.1,824.2,422.2
116.1,830.9,425.7
120.1,826.4,423.4
124.1,826.9,423.6
128.1,829.1,424.7
132.1,819.2,419.7
136.1,826.1,423.2
140.1,822.1,421.1
144.1,828.8,424.6
148.1,828.7,424.5
152.1,822.1,421.1
156.1,825.8,423.0
160.1,829.6,425.0
164.1,829.2,424.8
168.1,821.7,421.0
172.1,824.5,422.4
176.1,828.2,424.3
180.1,818.6,419.4
184.1,824.1,422.2
188.1,826.0,423.2
192.1,820.4,420.3
196.1,828.1,424.3
200.1,829.5,424.9
204.1,808.4,414.1
208.1,814.7,417.4
212.1,820.9,420.5
216.1,822.5,421.4
220.1,818.0,419.0
224.1,823.3,421.8
226.1,824.0,422.1
230.1,822.5,421.4
234.1,820.8,420.5
236.1,833.8,427.1
238.1,832.5,426.5
242.1,824.7,422.5
246.1,828.6,424.5
250.1,828.9,424.6
254.1,824.0,422.1
258.1,822.0,421.1
262.1,828.4,424.4
266.1,820.8,420.5
270.1,829.1,424.7
274.1,831.1,425.8
278.1,823.0,421.6
282.1,827.8,424.1
286.1,826.7,423.5
290.1,827.7,424.0
294.1,827.1,423.7
298.1,828.3,424.3
302.1,827.1,423.7
306.1,832.2,426.3
310.1,827.7,424.0
314.1,825.1,422.7
318.1,822.1,421.2
322.1,820.9,420.5
326.1,820.0,420.1
330.1,819.6,419.9
332.1,829.3,424.8
334.1,829.5,425.0
338.1,829.1,424.7
342.1,814.7,417.3
346.1,815.6,417.8
350.1,819.5,419.8
354.1,799.6,409.6
358.1,816.4,418.2
362.1,820.1,420.1
364.1,823.8,422.0
368.1,829.1,424.7
372.1,817.9,419.0
374.1,826.6,423.5
378.1,826.5,423.4
382.1,823.1,421.7
386.1,827.8,424.1
390.1,827.6,424.0
394.1,824.1,422.2
398.1,824.5,422.4
402.1,824.9,422.6
406.1,830.2,425.3
410.1,822.6,421.4
414.1,826.4,423.4
416.1,826.1,423.2
420.1,828.5,424.4
424.1,828.5,424.4
426.1,822.9,421.6
430.1,829.7,425.0
434.1,823.8,422.0
438.1,828.1,424.2
442.1,825.5,422.9
446.1,822.6,421.4
450.1,829.0,424.7
454.1,826.5,423.4
458.1,824.5,422.4
462.1,825.1,422.7
466.1,830.3,425.4
470.1,827.8,424.1
474.1,828.4,424.4
478.1,823.9,422.1
482.1,827.4,423.9
486.1,822.2,421.2
488.1,814.6,417.3
490.1,830.3,425.4
494.1,818.3,419.2
498.1,824.9,422.6
502.1,826.0,423.2
506.1,823.0,421.6
510.1,827.8,424.1
514.1,826.5,423.4
518.1,824.9,422.6
522.1,828.6,424.5
526.1,818.2,419.2
530.1,814.8,417.4
534.1,822.3,421.3
538.1,815.7,417.9
542.1,829.0,424.7
546.1,828.9,424.6
550.1,824.9,422.6
554.1,825.7,423.0
558.1,824.4,422.3
562.1,826.4,423.4
566.1,822.0,421.1
570.1,823.0,421.6
574.1,825.3,422.8
578.1,822.3,421.3
582.1,827.5,423.9
586.1,829.4,424.9
590.1,825.8,423.1
594.1,828.5,424.4
598.1,830.1,425.3
602.1,825.3,422.8
606.1,830.7,425.6
610.1,829.0,424.7
614.1,826.9,423.6
618.1,819.2,419.7
620.1,832.5,426.5
622.1,832.6,426.5
626.1,831.1,425.7
630.1,822.7,421.4
634.1,829.5,425.0
638.1,831.3,425.9
642.1,827.5,423.9
646.1,826.4,423.4
650.1,829.8,425.1
654.1,824.1,422.2
658.1,830.8,425.6
662.1,825.3,422.8
666.1,830.0,425.2
670.1,827.9,424.1
674.1,828.0,424.2
678.1,825.6,422.9
682.1,824.8,422.6
686.1,829.6,425.0
690.1,831.3,425.9
694.1,825.8,423.1
698.1,821.1,420.6
702.1,828.7,424.5
706.1,827.8,424.1
710.1,830.9,425.6
714.1,823.2,421.7
718.1,824.4,422.3
722.1,826.8,423.6
726.1,827.6,424.0
730.1,825.8,423.0
734.1,824.8,422.5
738.1,830.0,425.2
742.1,830.2,425.3
746.1,823.8,422.0
750.1,825.6,422.9
754.1,824.3,422.3
758.1,826.8,423.5
762.1,828.6,424.5
766.1,828.4,424.4
770.1,828.2,424.3
772.1,826.3,423.3
776.1,828.1,424.3
780.1,827.5,423.9
784.1,830.6,425.5
788.1,832.7,426.6
790.1,829.7,425.0
794.1,819.6,419.9
796.1,829.9,425.2
800.1,823.1,421.7
804.1,828.1,424.2
808.1,827.4,423.9
812.1,827.0,423.7
816.1,831.8,426.1
820.1,819.5,419.8
824.1,832.3,426.4
828.1,828.8,424.6
832.1,830.7,425.6
834.1,829.9,425.2
836.1,832.2,426.3
840.1,827.8,424.1
844.1,830.9,425.7
848.1,829.5,424.9
850.1,833.5,427.0
852.1,818.2,419.2
856.1,831.7,426.1
860.1,831.3,425.9
864.1,829.0,424.7
868.1,831.1,425.7
870.1,829.4,424.9
872.1,832.9,426.7
876.1,826.6,423.5
880.1,825.7,423.0
884.1,829.6,425.0
888.1,830.5,425.4
892.1,829.5,425.0
896.1,824.5,422.4
900.1,825.4,422.9
904.1,827.0,423.7
908.1,825.0,422.7
910.1,832.2,426.3
912.1,825.9,423.1
916.1,831.3,425.9
920.1,830.3,425.3
924.1,831.8,426.1
928.1,829.6,425.0
932.1,830.1,425.3
936.1,829.5,425.0
940.1,833.4,426.9
944.1,827.9,424.1
948.1,821.7,421.0
952.1,828.7,424.5
956.1,830.8,425.6
960.1,828.9,424.6
964.1,828.0,424.2
966.1,819.9,420.0
970.1,830.4,425.4
974.1,824.0,422.1
976.1,825.6,423.0
980.1,824.5,422.4
984.1,828.4,424.4
988.1,829.8,425.1
992.1,829.2,424.8
996.1,826.3,423.3
1000.1,829.7,425.0
1004.1,831.6,426.0
1008.1,828.8,424.6
1012.1,831.6,426.0
1016.1,828.7,424.5
1018.1,831.5,426.0
1020.1,826.7,423.5
1024.1,832.3,426.4
1028.1,830.1,425.2
1032.1,829.8,425.1
1036.1,828.5,424.4
1040.1,827.0,423.7
1044.1,826.1,423.2
1048.1,831.2,425.8
1052.1,830.2,425.3
1056.1,830.3,425.4
1060.1,829.7,425.0
1064.1,832.1,426.3
1068.1,827.8,424.1
1072.1,823.8,422.0
1076.1,826.6,423.5
1080.1,828.3,424.4
1084.1,831.0,425.7
1088.1,828.1,424.2
1092.1,825.2,422.8
1096.1,831.8,426.1
1100.1,826.7,423.5
1102.1,833.3,426.9
1104.1,825.6,422.9
1108.1,831.0,425.7
1112.1,825.1,422.7
1114.1,834.3,427.4
1118.1,829.9,425.2
1120.1,829.2,424.8
1124.1,830.4,425.4
1128.1,830.4,425.4
1132.1,832.4,426.4
1136.1,829.9,425.2
1140.1,830.5,425.5
1144.1,826.8,423.6
1148.1,828.0,424.2
1152.1,824.1,422.2
1156.1,827.5,423.9
1158.1,827.1,423.7
1162.1,831.9,426.2
1164.1,821.3,420.7
1168.1,826.2,423.3
1172.1,827.8,424.1
1174.1,833.9,427.2
1176.1,830.6,425.5
1180.1,827.4,423.9
1184.1,826.6,423.5
1188.1,826.9,423.6
1192.1,827.0,423.7
1196.1,828.4,424.4
1200.1,829.2,424.8
1204.1,829.1,424.8
1208.1,833.7,427.1
1212.1,822.2,421.2
1216.1,826.9,423.6
1220.1,829.9,425.2
1224.1,825.7,423.0
1228.1,830.5,425.5
1232.1,829.6,425.0
1236.1,829.5,424.9
1240.1,827.3,423.8
1244.1,831.2,425.8
1248.1,832.6,426.6
1252.1,826.4,423.3
1254.1,826.1,423.2
1256.1,829.9,425.2
1260.1,824.6,422.5
1264.1,831.5,426.0
1268.1,829.9,425.1
1272.1,821.5,420.8
1276.1,829.1,424.7
1280.1,831.1,425.8
1284.1,831.8,426.1
1288.1,828.9,424.6
1292.1,825.7,423.0
1294.1,829.9,425.1
1298.1,824.8,422.5
1300.1,829.0,424.7
1304.1,830.1,425.3
1308.1,829.5,425.0
1312.1,827.8,424.1
1316.1,833.2,426.9
1320.1,829.4,424.9
1324.1,830.5,425.5
1328.1,831.1,425.8
1332.1,825.4,422.8
1336.1,829.1,424.8
1340.1,829.5,424.9
1344.1,831.8,426.1
1348.1,830.8,425.6
1352.1,828.6,424.5
1356.1,827.9,424.1
1360.1,830.2,425.3
1364.1,831.3,425.9
1366.1,831.9,426.2
1368.1,826.2,423.3
1372.1,830.5,425.4
1376.1,826.3,423.3
1380.1,830.5,425.5
1384.1,828.0,424.2
1386.1,829.0,424.7
1388.1,832.6,426.6
1392.1,819.6,419.9
1396.1,832.5,426.5
1400.1,827.9,424.1
1404.1,832.3,426.4
1406.1,831.7,426.1
1410.1,828.2,424.3
1412.1,832.0,426.2
1416.1,827.2,423.7
1420.1,828.8,424.6
1424.1,830.8,425.6
1428.1,831.2,425.8
1432.1,826.5,423.4
1436.1,825.1,422.7
1440.1,828.5,424.4
1444.1,828.2,424.3
1448.1,832.8,426.6
1452.1,824.0,422.1
1456.1,832.7,426.6
1460.1,830.1,425.3
1464.1,831.9,426.2
1468.1,830.9,425.6
1472.1,829.1,424.8
1476.1,829.9,425.2
1478.1,830.4,425.4
1480.1,829.8,425.1
1484.1,827.0,423.7
1488.1,833.1,426.8
1492.1,829.9,425.2
1496.1,829.5,424.9
1498.1,830.9,425.7
1502.1,826.7,423.5
1506.1,828.9,424.7
1510.1,827.0,423.7
1514.1,826.4,423.4
1518.1,826.1,423.2
1520.1,831.0,425.7
1522.1,833.5,427.0
1526.1,831.7,426.1
1530.1,828.3,424.4
1534.1,828.4,424.4
1538.1,826.3,423.3
1542.1,825.7,423.0
1546.1,833.3,426.9
1550.1,831.3,425.9
1554.1,822.7,421.5
1558.1,829.8,425.1
1560.1,829.1,424.7
1564.1,829.8,425.1
1568.1,828.7,424.5
1572.1,829.8,425.1
1576.1,828.7,424.5
1578.1,831.7,426.1
1582.1,827.3,423.8
1584.1,832.8,426.6
1586.1,829.2,424.8
1590.1,830.5,425.5
1594.1,828.9,424.6
1598.1,829.5,425.0
1602.1,825.4,422.8
1604.1,831.3,425.8
1608.1,830.0,425.2
1610.1,826.8,423.6
1614.1,821.5,420.8
1616.1,823.7,422.0
1620.1,829.9,425.2
1624.1,830.0,425.2
1628.1,827.7,424.0
1632.1,831.5,426.0
1636.1,823.4,421.8
1640.1,831.9,426.2
1644.1,830.0,425.2
1648.1,829.8,425.1
1650.1,831.5,426.0
1654.1,830.1,425.2
1658.1,828.1,424.3
1662.1,830.3,425.4
1666.1,827.2,423.8
1670.1,823.5,421.9
1672.1,825.0,422.6
1676.1,821.7,421.0
1678.1,825.7,423.0
1682.1,831.6,426.0
1686.1,829.6,425.0
1690.1,829.5,425.0
1694.1,822.5,421.4
1698.1,832.2,426.3
1702.1,826.5,423.4
1704.1,829.7,425.0
1708.1,828.3,424.3
1712.1,828.5,424.4
1714.1,831.3,425.9
1718.1,830.4,425.4
1722.1,832.1,426.3
1724.1,831.8,426.1
1728.1,829.0,424.7
1732.1,829.7,425.0
1736.1,831.7,426.1
1740.1,829.8,425.1
1744.1,830.0,425.2
1748.1,830.6,425.5
1752.1,824.1,422.2
1756.1,825.9,423.1
1758.1,831.1,425.8
1760.1,828.6,424.5
1764.1,829.1,424.7
1768.1,833.1,426.8
1772.1,830.4,425.4
1776.1,832.0,426.2
1780.1,829.9,425.1
1784.1,827.7,424.0
1788.1,829.6,425.0
1792.1,829.0,424.7
1796.1,830.6,425.5
1800.1,830.0,425.2
1804.1,830.5,425.5
1806.1,829.6,425.0
1810.1,827.1,423.7
1812.1,831.9,426.2
1816.1,823.8,422.0
1820.1,828.7,424.5
1824.1,832.1,426.3
1828.1,827.7,424.0
1832.1,828.5,424.4
1836.1,828.8,424.6
1840.1,831.6,426.0
1842.1,828.6,424.5
1846.1,831.7,426.1
1850.1,827.4,423.9
1854.1,829.3,424.9
1858.1,831.8,426.1
1860.1,824.1,422.2
1864.1,830.3,425.4
1866.1,827.6,424.0
1870.1,828.6,424.5
1874.1,829.1,424.7
1878.1,826.6,423.5
1882.1,832.7,426.6
1886.1,827.0,423.6
1890.1,826.2,423.2
1894.1,825.6,422.9
1896.1,830.7,425.6
1900.1,824.6,422.4
1902.1,823.2,421.7
1906.1,833.4,427.0
1910.1,829.5,424.9
1914.1,830.4,425.4
1918.1,828.5,424.4
1920.1,829.0,424.7
1922.1,832.2,426.3
1926.1,825.3,422.8
1930.1,830.7,425.6
1934.1,818.1,419.1
1938.1,828.9,424.7
1942.1,829.9,425.1
1946.1,831.8,426.1
1950.1,828.9,424.7
1954.1,831.0,425.7
1956.1,834.5,427.5
1960.1,827.5,423.9
1962.1,823.5,421.9
1966.1,827.1,423.7
1970.1,827.8,424.1
1974.1,822.5,421.4
1978.1,826.6,423.4
1982.1,827.1,423.7
1986.1,827.4,423.9
1990.1,829.5,424.9
1994.1,827.0,423.7
1998.1,828.2,424.3
2002.1,827.9,424.1
2004.1,833.4,426.9
2008.1,830.6,425.5
2010.1,830.7,425.5
2012.1,825.4,422.9
2016.1,832.2,426.3
2020.1,827.5,423.9
2022.1,832.7,426.6
2024.1,831.3,425.9
2028.1,831.2,425.8
2032.1,828.7,424.5
2034.1,832.4,426.4
2036.1,831.0,425.7
2040.1,826.5,423.4
2044.1,826.2,423.3
2048.1,833.1,426.8
2050.1,830.8,425.6
2054.1,827.0,423.6
2058.1,826.7,423.5
2060.1,829.2,424.8
2064.1,830.0,425.2
2066.1,828.6,424.5
2070.1,829.8,425.1
2074.1,828.9,424.6
2078.1,830.6,425.5
2082.1,826.5,423.4
2084.1,814.0,417.0
2086.1,825.8,423.0
2090.1,829.7,425.0
2094.1,829.5,424.9
2096.1,829.7,425.1
2098.1,834.5,427.5
2102.1,825.1,422.7
2106.1,830.4,425.4
2110.1,828.8,424.6
2114.1,820.3,420.3
2118.1,828.8,424.6
2122.1,826.8,423.6
2126.1,830.2,425.3
2130.1,826.2,423.3
2134.1,829.6,425.0
2138.1,829.0,424.7
2142.1,829.7,425.1
2146.1,831.7,426.1
2150.1,827.8,424.1
2154.1,823.1,421.7
2158.1,815.7,417.9
2162.1,824.6,422.5
2166.1,827.1,423.7
2170.1,830.8,425.6
2174.1,829.5,425.0
2178.1,831.7,426.1
2182.1,829.6,425.0
2186.1,832.9,426.7
2190.1,830.3,425.3
2194.1,830.8,425.6
2198.1,832.5,426.5
2202.1,831.2,425.8
2206.1,830.0,425.2
2210.1,827.6,424.0
2214.1,832.2,426.3
2218.1,830.4,425.4
2222.1,829.4,424.9
2226.1,828.4,424.4
2228.1,829.8,425.1
2232.1,832.9,426.7
2236.1,828.1,424.2
2240.1,832.1,426.3
2242.1,832.7,426.6
2244.1,830.9,425.7
2248.1,832.8,426.6
2252.1,831.1,425.8
2256.1,824.4,422.4
2260.1,832.6,426.5
2264.1,830.8,425.6
2268.1,830.6,425.5
2270.1,831.6,426.0
2274.1,828.6,424.5
2276.1,824.5,422.4
2280.1,831.0,425.7
2282.1,828.5,424.4
2286.1,832.9,426.7
2288.1,831.8,426.2
2292.1,825.7,423.0
2296.1,828.5,424.4
2300.1,828.9,424.6
2304.1,829.3,424.8
2306.1,831.5,426.0
2310.1,831.5,426.0
2312.1,829.0,424.7
2316.1,830.2,425.3
2318.1,828.8,424.6
2320.1,827.4,423.9
2324.1,830.2,425.3
2328.1,832.1,426.3
2332.1,828.4,424.4
2336.1,826.3,423.3
2340.1,828.7,424.6
2344.1,828.8,424.6
2346.1,831.1,425.7
2348.1,829.7,425.0
2352.1,829.7,425.1
2354.1,820.9,420.5
2358.1,829.7,425.1
2360.1,828.2,424.3
2364.1,830.6,425.5
2368.1,830.4,425.4
2372.1,831.5,425.9
2376.1,823.1,421.7
2380.1,832.0,426.2
2384.1,831.7,426.1
2388.1,829.2,424.8
2392.1,831.2,425.8
2396.1,829.9,425.2
2400.1,829.2,424.8
2404.1,832.5,426.5
2406.1,826.0,423.1
2410.1,830.5,425.4
2412.1,832.6,426.6
2416.1,817.6,418.8
2420.1,827.8,424.1
2422.1,829.3,424.8
2426.1,829.5,425.0
2428.1,830.0,425.2
2430.1,819.8,420.0
2434.1,831.3,425.9
2438.1,826.2,423.3
2442.1,829.3,424.8
2444.1,831.2,425.8
2448.1,831.5,426.0
2450.1,830.7,425.5
2452.1,830.9,425.7
2454.1,830.7,425.6
2458.1,829.0,424.7
2460.1,835.2,427.9
2462.1,831.0,425.7
2466.1,829.6,425.0
2470.1,826.8,423.6
2474.1,822.8,421.5
2476.1,827.8,424.1
2478.1,815.7,417.9
2480.1,834.4,427.4
2482.1,828.5,424.5
2486.1,828.3,424.3
2488.1,824.5,422.4
2492.1,829.2,424.8
2494.1,831.5,426.0
2496.1,828.3,424.4
2500.1,831.8,426.1
2504.1,831.0,425.7
2508.1,828.1,424.3
2510.1,832.0,426.2
2514.1,830.8,425.6
2516.1,825.6,422.9
2520.1,825.9,423.1
2524.1,831.5,426.0
2526.1,829.3,424.8
2528.1,829.7,425.0
2532.1,831.4,425.9
2536.1,828.3,424.3
2538.1,830.4,425.4
2542.1,832.2,426.3
2544.1,831.3,425.9
2548.1,832.6,426.5
2552.1,828.6,424.5
2556.1,830.1,425.3
2560.1,824.9,422.6
2564.1,825.6,422.9
2568.1,826.1,423.2
2572.1,828.1,424.2
2576.1,829.8,425.1
2580.1,830.5,425.4
2584.1,827.3,423.8
2586.1,827.3,423.8
2588.1,831.4,425.9
2592.1,829.9,425.2
2596.1,823.3,421.8
2600.1,828.0,424.2
2602.1,828.9,424.6
2606.1,829.3,424.8
2608.1,825.2,422.8
2610.1,830.9,425.7
2614.1,829.1,424.7
2618.1,831.1,425.8
2622.1,829.4,424.9
2624.1,830.8,425.6
2628.1,833.3,426.9
2630.1,828.2,424.3
2634.1,829.7,425.0
2636.1,826.6,423.5
2640.1,829.6,425.0
2644.1,828.4,424.4
2646.1,826.9,423.6
2650.1,830.3,425.3
2654.1,829.2,424.8
2658.1,824.7,422.5
2662.1,829.1,424.7
2666.1,832.2,426.3
2670.1,827.5,423.9
2674.1,829.3,424.9
2678.1,833.8,427.2
2682.1,826.3,423.3
2686.1,833.7,427.1
2688.1,827.1,423.7
2692.1,831.3,425.9
2696.1,829.5,424.9
2700.1,831.7,426.1
2704.1,827.7,424.0
2708.1,830.0,425.2
2712.1,831.2,425.8
2716.1,828.6,424.5
2720.1,829.7,425.0
2724.1,832.2,426.3
2728.1,831.2,425.8
2732.1,829.3,424.8
2736.1,825.8,423.1
2740.1,828.7,424.5
2744.1,829.9,425.2
2748.1,824.5,422.4
2752.1,831.5,426.0
2756.1,826.8,423.6
2760.1,831.0,425.7
2764.1,831.8,426.1
2768.1,828.5,424.4
2772.1,828.5,424.4
2776.1,823.5,421.9
2780.1,831.1,425.8
2784.1,829.2,424.8
2786.1,834.2,427.3
2788.1,827.2,423.8
2792.1,830.5,425.5
2796.1,833.3,426.9
2798.1,821.1,420.6
2802.1,828.3,424.3
2806.1,832.2,426.4
2808.1,826.6,423.5
2810.1,830.0,425.2
2812.1,825.2,422.8
2816.1,830.7,425.6
2818.1,832.2,426.4
2822.1,828.8,424.6
2826.1,831.0,425.7
2830.1,827.8,424.1
2834.1,824.3,422.3
2838.1,827.5,423.9
2842.1,826.4,423.4
2846.1,828.6,424.5
2850.1,833.4,426.9
2852.1,828.1,424.2
2856.1,828.0,424.2
2860.1,826.3,423.3
2862.1,827.4,423.9
2866.1,833.5,427.0
2868.1,827.8,424.1
2872.1,828.0,424.2
2874.1,830.3,425.4
2876.1,826.4,423.4
2880.1,829.0,424.7
2884.1,830.9,425.7
2888.1,828.0,424.2
2892.1,826.6,423.4
2896.1,827.9,424.1
2900.1,831.7,426.1
2902.1,833.3,426.9
2906.1,827.2,423.8
2910.1,832.6,426.5
2914.1,827.9,424.1
2918.1,825.7,423.0
2922.1,830.8,425.6
2926.1,828.1,424.2
2930.1,833.1,426.8
2934.1,831.5,425.9
2938.1,831.2,425.8
2940.1,834.6,427.6
2944.1,828.9,424.7
2946.1,828.3,424.4
2950.1,827.0,423.7
2954.1,831.0,425.7
2958.1,831.4,425.9
2960.1,826.7,423.5
2964.1,827.8,424.1
2968.1,828.1,424.2
2972.1,831.9,426.2
2974.1,833.4,426.9
2978.1,830.6,425.5
2982.1,828.8,424.6
2986.1,829.6,425.0
2990.1,833.2,426.9
2994.1,829.8,425.1
2998.1,828.7,424.5
3002.1,830.1,425.2
3004.1,823.8,422.0
3008.1,831.9,426.2
3012.1,828.5,424.5
3014.1,824.2,422.3
3018.1,827.1,423.7
3020.1,827.0,423.6
3022.1,823.6,421.9
3026.1,833.9,427.2
3028.1,828.4,424.4
3032.1,829.9,425.1
3034.1,830.2,425.3
3038.1,828.6,424.5
3042.1,832.1,426.3
3046.1,826.5,423.4
3050.1,828.6,424.5
3054.1,819.5,419.8
3056.1,825.9,423.1
3060.1,829.8,425.1
3064.1,824.8,422.5
3068.1,828.9,424.6
3072.1,829.3,424.9
3074.1,819.3,419.7
3078.1,828.1,424.2
3080.1,826.4,423.4
3082.1,833.0,426.7
3084.1,828.9,424.7
3088.1,830.2,425.3
3092.1,826.8,423.6
3094.1,830.4,425.4
3098.1,827.0,423.7
3102.1,831.3,425.9
3106.1,831.2,425.8
3110.1,832.3,426.4
3114.1,829.9,425.2
3118.1,831.6,426.0
3122.1,828.2,424.3
3126.1,825.2,422.7
3130.1,828.6,424.5
3134.1,821.5,420.8
3138.1,831.2,425.8
3142.1,830.2,425.3
3144.1,829.8,425.1
3146.1,824.8,422.6
3150.1,828.1,424.2
3154.1,833.0,426.8
3158.1,828.6,424.5
3160.1,834.4,427.5
3164.1,828.7,424.5
3168.1,832.8,426.6
3172.1,829.3,424.9
3176.1,826.1,423.2
3180.1,833.3,426.9
3184.1,827.1,423.7
3186.1,828.1,424.2
3190.1,832.9,426.7
3194.1,829.9,425.1
3196.1,830.7,425.6
3200.1,831.4,425.9
3204.1,828.9,424.6
3208.1,831.2,425.8
3212.1,826.6,423.5
3216.1,829.9,425.2
3220.1,826.6,423.5
3224.1,830.4,425.4
3228.1,832.6,426.6
3232.1,828.8,424.6
3236.1,829.7,425.0
3240.1,826.4,423.4
3244.1,822.4,421.3
3248.1,830.1,425.2
3252.1,829.1,424.7
3256.1,828.4,424.4
3260.1,828.0,424.2
3264.1,832.2,426.4
3268.1,828.4,424.4
3272.1,830.0,425.2
3276.1,826.5,423.4
3280.1,830.5,425.5
3284.1,826.8,423.5
3288.1,831.0,425.7
3292.1,830.5,425.5
3296.1,828.5,424.4
3300.1,830.8,425.6
3304.1,829.7,425.1
3308.1,827.8,424.1
3312.1,826.2,423.3
3314.1,820.8,420.5
3316.1,826.4,423.4
3318.1,830.5,425.5
3320.1,829.9,425.2
3324.1,830.8,425.6
3326.1,833.7,427.1
3330.1,830.7,425.6
3332.1,829.1,424.8
3336.1,830.6,425.5
3340.1,830.2,425.3
3344.1,829.4,424.9
3348.1,831.9,426.2
3352.1,827.2,423.8
3356.1,830.0,425.2
3360.1,829.1,424.7
3364.1,828.8,424.6
3368.1,830.0,425.2
3372.1,831.1,425.7
3376.1,824.3,422.3
3380.1,832.5,426.5
3384.1,829.3,424.8
3388.1,828.0,424.2
3392.1,827.9,424.1
3396.1,832.2,426.3
3400.1,827.3,423.8
3402.1,829.6,425.0
3406.1,829.3,424.8
3410.1,831.6,426.0
3414.1,825.0,422.7
3418.1,824.0,422.1
3422.1,824.0,422.1
3426.1,830.2,425.3
3430.1,831.1,425.8
3434.1,822.4,421.3
3438.1,833.1,426.8
3442.1,825.0,422.6
3446.1,830.5,425.5
3450.1,827.6,424.0
3454.1,827.5,423.9
3458.1,828.9,424.6
3462.1,829.5,424.9
3466.1,826.6,423.4
3470.1,829.9,425.2
3474.1,829.0,424.7
3478.1,828.2,424.3
3482.1,829.9,425.1
3486.1,831.7,426.1
3490.1,828.8,424.6
3494.1,825.1,422.7
3498.1,831.5,426.0
3502.1,827.7,424.0
3506.1,831.8,426.1
3510.1,827.3,423.8
3512.1,830.8,425.6
3514.1,831.5,426.0
3518.1,831.5,426.0
3522.1,829.9,425.2
3526.1,829.5,425.0
3528.1,834.7,427.6
3532.1,830.8,425.6
3536.1,830.0,425.2
3538.1,825.3,422.8
3540.1,826.4,423.4
3544.1,830.2,425.3
3548.1,828.1,424.3
3552.1,830.5,425.5
3556.1,827.4,423.9
3560.1,829.0,424.7
3564.1,828.3,424.3
3568.1,830.9,425.7
3572.1,830.9,425.7
3576.1,825.7,423.0
3580.1,826.6,423.4
3582.1,831.1,425.7
3584.1,832.2,426.3
3588.1,830.0,425.2
3592.1,825.5,422.9
3596.1,830.3,425.4
3600.1,825.2,422.8
3604.1,822.0,421.1
3608.1,827.1,423.7
3610.1,827.2,423.8
3612.1,831.6,426.0
3616.1,825.1,422.7
3620.1,826.2,423.2
3624.1,830.0,425.2
3628.1,831.4,425.9
3632.1,830.0,425.2
3636.1,829.7,425.0
3640.1,829.1,424.7
3644.1,830.1,425.3
3646.1,831.0,425.7
3650.1,831.8,426.2
3652.1,823.6,421.9
3656.1,832.2,426.3
3660.1,829.9,425.1
3664.1,828.6,424.5
3668.1,832.8,426.6
3672.1,827.9,424.1
3674.1,821.8,421.0
3676.1,823.6,421.9
3680.1,828.5,424.4
3684.1,831.6,426.0
3688.1,833.7,427.1
3692.1,824.6,422.4
3696.1,831.2,425.8
3700.1,833.2,426.9
3704.1,830.2,425.3
3708.1,829.9,425.1
3712.1,831.9,426.2
3716.1,829.0,424.7
3720.1,831.2,425.8
3724.1,832.9,426.7
3728.1,828.8,424.6
3732.1,827.4,423.9
3734.1,826.7,423.5
3738.1,829.1,424.7
3742.1,831.6,426.0
3746.1,829.1,424.8
3750.1,831.4,425.9
3754.1,829.2,424.8
3758.1,829.1,424.7
3762.1,825.8,423.0
3766.1,832.2,426.3
3770.1,827.4,423.9
3774.1,833.1,426.8
3778.1,830.7,425.6
3782.1,815.2,417.6
3786.1,825.6,423.0
3788.1,831.3,425.9
3790.1,826.4,423.4
3794.1,826.1,423.2
3798.1,826.7,423.5
3802.1,828.0,424.2
3806.1,830.9,425.7
3810.1,831.2,425.8
3812.1,829.2,424.8
3814.1,831.2,425.8
3818.1,823.2,421.7
3822.1,830.8,425.6
3826.1,829.4,424.9
3830.1,824.0,422.1
3834.1,821.1,420.6
3838.1,810.6,415.3
3840.1,819.1,419.6
3842.1,825.6,422.9
3846.1,832.7,426.6
3848.1,824.5,422.4
3852.1,831.9,426.2
3856.1,825.0,422.7
3860.1,827.9,424.1
3864.1,827.6,424.0
3866.1,824.6,422.5
3868.1,828.2,424.3
3872.1,825.2,422.8
3874.1,826.7,423.5
3878.1,826.6,423.5
3882.1,829.7,425.0
3886.1,823.1,421.7
3888.1,822.8,421.5
3892.1,830.0,425.2
3896.1,822.8,421.5
3900.1,828.8,424.6
3904.1,824.0,422.1
3908.1,829.5,424.9
3912.1,825.8,423.1
3916.1,826.8,423.6
3920.1,827.0,423.6
3924.1,826.4,423.4
3928.1,825.5,422.9
3932.1,823.0,421.6
3936.1,828.4,424.4
3938.1,827.6,424.0
3940.1,830.7,425.5
3944.1,828.7,424.5
3948.1,828.1,424.3
3952.1,830.4,425.4
3956.1,831.3,425.9
3960.1,821.9,421.0
3962.1,820.8,420.5
3964.1,825.6,422.9
3968.1,827.4,423.9
3972.1,829.6,425.0
3974.1,826.4,423.3
3976.1,813.6,416.8
3980.1,830.1,425.3
3984.1,825.8,423.1
3988.1,821.4,420.8
3990.1,830.1,425.3
3994.1,826.8,423.5
3998.1,828.2,424.3
4000.1,833.3,426.9
4002.1,827.5,423.9
4004.1,827.5,423.9
4008.1,829.0,424.7
4012.1,832.0,426.2
4016.1,825.7,423.0
4020.1,825.2,422.8
4024.1,828.0,424.2
4026.1,830.4,425.4
4028.1,822.3,421.3
4032.1,831.1,425.7
4036.1,827.6,424.0
4040.1,821.6,420.9
4044.1,827.4,423.9
4048.1,828.4,424.4
4052.1,823.2,421.7
4056.1,827.9,424.1
4058.1,831.1,425.8
4062.1,822.5,421.4
4064.1,832.2,426.3
4068.1,829.2,424.8
4070.1,826.2,423.3
4074.1,831.9,426.2
4078.1,829.6,425.0
4082.1,828.1,424.2
4084.1,831.5,426.0
4088.1,824.7,422.5
4092.1,822.3,421.3
4094.1,833.3,426.9
4096.1,804.7,412.2
4100.1,826.6,423.5
4102.1,833.1,426.8
4106.1,827.3,423.8
4108.1,831.7,426.1
4110.1,828.7,424.5
4114.1,830.7,425.6
4118.1,821.5,420.9
4122.1,828.5,424.5
4126.1,828.7,424.5
4130.1,830.6,425.5
4134.1,828.7,424.6
4136.1,832.7,426.6
4138.1,826.2,423.3
4142.1,826.0,423.2
4146.1,827.6,424.0
4150.1,826.1,423.2
4152.1,818.4,419.2
4156.1,828.7,424.5
4160.1,829.2,424.8
4164.1,829.9,425.1
4168.1,825.5,422.9
4172.1,827.3,423.8
4176.1,829.6,425.0
4178.1,828.3,424.3
4182.1,823.1,421.7
4184.1,825.0,422.7
4186.1,828.8,424.6
4190.1,817.5,418.8
4192.1,826.2,423.3
4196.1,826.6,423.5
4200.1,827.0,423.7
4204.1,823.8,422.0
4208.1,825.9,423.1
4212.1,826.2,423.2
4216.1,818.9,419.5
4220.1,820.8,420.5
4224.1,820.1,420.2
4228.1,831.4,425.9
4232.1,824.1,422.2
4236.1,828.3,424.3
4238.1,829.5,424.9
4240.1,832.5,426.5
4244.1,827.6,424.0
4246.1,830.5,425.5
4250.1,823.4,421.8
4252.1,817.9,419.0
4254.1,823.2,421.7
4258.1,828.6,424.5
4262.1,830.3,425.3
4266.1,826.3,423.3
4270.1,826.7,423.5
4272.1,830.2,425.3
4274.1,830.6,425.5
4278.1,824.0,422.1
4282.1,831.9,426.2
4284.1,823.0,421.6
4288.1,827.4,423.9
4290.1,826.0,423.2
4294.1,824.4,422.4
4296.1,827.3,423.8
4298.1,814.8,417.4
4302.1,828.9,424.6
4306.1,825.5,422.9
4310.1,820.9,420.6
4314.1,821.1,420.6
4318.1,820.3,420.2
4322.1,824.9,422.6
4326.1,830.8,425.6
4330.1,825.7,423.0
4334.1,829.9,425.1
4338.1,823.7,422.0
4342.1,833.1,426.8
4346.1,828.2,424.3
4350.1,830.6,425.5
4352.1,827.4,423.8
4354.1,829.5,424.9
4358.1,833.5,427.0
4362.1,829.7,425.1
4366.1,829.1,424.8
4370.1,827.2,423.7
4374.1,828.0,424.2
4378.1,827.9,424.1
4382.1,824.6,422.4
4386.1,824.2,422.2
4390.1,830.7,425.6
4394.1,821.9,421.1
4398.1,826.9,423.6
4402.1,827.9,424.1
4406.1,827.5,423.9
4410.1,827.2,423.7
4414.1,828.7,424.5
4418.1,827.4,423.9
4422.1,828.4,424.4
4426.1,831.7,426.1
4430.1,829.4,424.9
4434.1,823.5,421.9
4438.1,826.8,423.6
4442.1,829.2,424.8
4446.1,829.6,425.0
4450.1,826.5,423.4
4452.1,827.4,423.9
4456.1,830.3,425.3
4460.1,829.5,424.9
4464.1,831.5,426.0
4466.1,825.3,422.8
4468.1,829.8,425.1
4472.1,832.3,426.4
4476.1,829.2,424.8
4480.1,826.1,423.2
4484.1,825.7,423.0
4486.1,820.3,420.2
4488.1,834.2,427.4
4492.1,830.4,425.4
4494.1,830.1,425.3
4496.1,831.2,425.8
4500.1,828.8,424.6
4504.1,822.4,421.3
4508.1,825.4,422.8
4512.1,829.2,424.8
4514.1,826.0,423.2
4516.1,817.6,418.8
4520.1,824.4,422.3
4522.1,825.1,422.7
4526.1,830.3,425.3
4528.1,823.7,422.0
4530.1,832.2,426.3
4532.1,825.6,423.0
4536.1,828.9,424.7
4538.1,829.8,425.1
4542.1,830.0,425.2
4546.1,830.5,425.4
4550.1,829.6,425.0
4554.1,829.5,424.9
4558.1,822.1,421.2
4562.1,823.2,421.7
4566.1,828.3,424.3
4570.1,829.9,425.2
4574.1,825.3,422.8
4576.1,806.8,413.3
4580.1,828.5,424.4
4584.1,828.3,424.3
4586.1,829.3,424.9
4590.1,831.2,425.8
4592.1,829.6,425.0
4596.1,829.6,425.0
4600.1,825.1,422.7
4604.1,828.6,424.5
4608.1,830.4,425.4
4610.1,829.9,425.1
4614.1,828.0,424.2
4618.1,824.8,422.5
4622.1,824.1,422.2
4626.1,823.9,422.1
4630.1,829.1,424.8
4634.1,819.3,419.7
4638.1,826.5,423.4
4642.1,813.3,416.7
4646.1,826.6,423.5
4650.1,827.3,423.8
4654.1,826.1,423.2
4658.1,829.9,425.1
4662.1,825.3,422.8
4666.1,830.2,425.3
4670.1,832.3,426.4
4672.1,826.1,423.2
4676.1,822.8,421.5
4678.1,824.8,422.5
4682.1,820.1,420.1
4684.1,822.6,421.4
4686.1,815.8,418.0
4688.1,832.0,426.2
4692.1,826.8,423.6
4696.1,817.7,418.9
4700.1,827.5,423.9
4704.1,828.9,424.6
4708.1,820.2,420.2
4712.1,827.8,424.1
4716.1,826.4,423.4
4720.1,827.5,423.9
4724.1,820.3,420.2
4728.1,827.0,423.7
4732.1,822.0,421.1
4736.1,824.8,422.6
4740.1,822.1,421.2
4744.1,821.5,420.8
4748.1,823.3,421.8
4750.1,830.5,425.5
4754.1,817.5,418.8
4756.1,795.1,407.3
4760.1,824.3,422.3
4764.1,827.5,423.9
4768.1,828.4,424.4
4772.1,824.4,422.3
4776.1,824.8,422.5
4778.1,826.8,423.6
4780.1,828.8,424.6
4784.1,822.5,421.4
4786.1,825.1,422.7
4788.1,827.8,424.1
4792.1,824.9,422.6
4794.1,807.3,413.6
4796.1,824.4,422.3
4798.1,821.8,421.0
4802.1,823.6,421.9
4804.1,819.1,419.6
4808.1,816.9,418.5
4812.1,814.5,417.3
4814.1,827.8,424.1
4818.1,814.1,417.0
4820.1,807.2,413.5
4822.1,818.4,419.2
4826.1,823.3,421.8
4828.1,816.1,418.1
4832.1,821.6,420.9
4836.1,820.2,420.2
4840.1,819.5,419.8
4842.1,831.0,425.7
4844.1,826.2,423.3
4848.1,147.3,75.5
4850.1,0.0,0.0
4854.1,0.0,0.0
4856.1,0.0,0.0
4860.1,0.0,0.0
4864.1,0.0,0.0
4868.1,0.0,0.0
4872.1,598.9,306.8
4876.1,976.3,500.2
4880.1,994.1,509.3
4882.1,1005.4,515.1
4884.1,1012.0,518.4
4888.1,1019.8,522.4
4890.1,1009.8,517.3
4892.1,1002.5,513.6
4896.1,1018.3,521.7
4898.1,1007.4,516.1
4902.1,993.1,508.7
4906.1,1013.1,519.0
4908.1,1012.3,518.6
4912.1,1005.5,515.1
4914.1,1010.8,517.8
4916.1,1009.6,517.2
4920.1,1006.6,515.7
4922.1,1015.2,520.1
4926.1,1009.4,517.1
4928.1,1010.3,517.6
4932.1,1007.5,516.1
4934.1,1006.2,515.4
4938.1,994.5,509.5
4942.1,993.3,508.8
4946.1,998.8,511.7
4950.1,999.4,512.0
4952.1,1001.3,513.0
4954.1,984.5,504.4
4958.1,1001.1,512.8
4962.1,994.6,509.5
4966.1,998.7,511.6
4970.1,965.6,494.7
4974.1,989.4,506.9
4978.1,997.7,511.1
4982.1,992.0,508.2
4986.1,989.1,506.7
4988.1,989.6,507.0
4992.1,971.6,497.7
4996.1,980.2,502.2
4998.1,1000.4,512.5
5000.1,999.6,512.1
5004.1,998.5,511.5
5008.1,1001.0,512.8
5012.1,1000.6,512.6
5016.1,1004.4,514.6
5020.1,995.4,509.9
5024.1,1000.2,512.4
5028.1,998.2,511.4
5032.1,1005.5,515.1
5036.1,1008.2,516.5
5038.1,985.9,505.1
5042.1,1005.2,515.0
5044.1,987.1,505.7
5048.1,1001.3,512.9
5050.1,988.5,506.4
5054.1,1006.8,515.8
5056.1,991.5,507.9
5060.1,1011.5,518.2
5064.1,1010.1,517.5
5068.1,991.3,507.8
5072.1,993.4,508.9
5076.1,999.7,512.2
5080.1,998.0,511.3
5084.1,969.8,496.8
5088.1,968.7,496.3
5092.1,965.8,494.8
5096.1,986.4,505.3
5098.1,1000.5,512.6
5100.1,1003.0,513.8
5104.1,992.0,508.2
5108.1,1015.5,520.2
5112.1,998.4,511.5
5116.1,987.2,505.7
5120.1,987.4,505.8
5122.1,990.1,507.2
5126.1,985.8,505.0
5130.1,998.5,511.5
5134.1,987.5,505.9
5138.1,958.4,491.0
5142.1,988.5,506.4
5146.1,1004.7,514.7
5150.1,987.7,506.0
5154.1,993.1,508.8
5158.1,997.5,511.0
5162.1,1005.3,515.0
5166.1,999.8,512.2
5170.1,968.0,495.9
5174.1,990.0,507.1
5178.1,980.5,502.3
5182.1,988.4,506.4
5186.1,987.9,506.1
5190.1,1001.2,512.9
5194.1,985.0,504.6
5198.1,1006.3,515.5
5202.1,987.2,505.7
5206.1,1006.7,515.7
5210.1,1005.4,515.1
5212.1,998.6,511.6
5214.1,1000.9,512.8
5218.1,979.3,501.7
5220.1,1004.5,514.6
5224.1,961.1,492.4
5228.1,954.2,488.8
5230.1,983.0,503.6
5234.1,971.2,497.5
5236.1,966.9,495.4
5238.1,991.2,507.8
5242.1,989.1,506.7
5246.1,982.2,503.2
5250.1,983.9,504.0
5252.1,996.6,510.5
5256.1,977.6,500.8
5258.1,989.6,507.0
5260.1,993.2,508.8
5264.1,959.5,491.6
5268.1,981.4,502.8
5272.1,973.8,498.9
5274.1,991.6,508.0
5278.1,967.9,495.8
5282.1,968.3,496.0
5286.1,990.8,507.6
5290.1,991.8,508.1
5294.1,997.1,510.8
5296.1,960.4,492.0
5300.1,1002.6,513.6
5302.1,1001.5,513.1
5306.1,1007.5,516.1
5310.1,983.3,503.7
5314.1,1004.0,514.3
5318.1,989.9,507.1
5322.1,991.9,508.1
5326.1,1006.3,515.5
5330.1,1004.1,514.4
5334.1,1011.0,517.9
5338.1,965.5,494.6
5340.1,982.1,503.1
5344.1,974.7,499.3
5346.1,991.6,508.0
5350.1,980.4,502.2
5354.1,1015.2,520.1
5358.1,1000.4,512.5
5360.1,1008.1,516.4
5364.1,990.7,507.5
5366.1,976.7,500.3
5368.1,976.4,500.2
5372.1,990.1,507.2
5374.1,1014.1,519.5
5376.1,986.2,505.2
5380.1,983.5,503.8
5384.1,1007.6,516.2
5388.1,997.9,511.2
5392.1,1002.7,513.7
5396.1,1005.1,514.9
5400.1,1007.7,516.2
5404.1,996.5,510.5
5406.1,989.9,507.1
5410.1,1011.1,518.0
5412.1,998.6,511.6
5414.1,993.7,509.1
5418.1,994.6,509.5
5420.1,1005.3,515.0
5422.1,992.1,508.3
5426.1,998.5,511.5
5430.1,993.3,508.9
5434.1,1002.3,513.5
5438.1,996.0,510.2
5440.1,1007.6,516.2
5442.1,1003.4,514.0
5446.1,1005.2,515.0
5450.1,1015.6,520.3
5452.1,999.2,511.9
5454.1,1016.6,520.8
5458.1,1008.3,516.6
5462.1,993.2,508.8
5466.1,1002.4,513.5
5470.1,1004.9,514.8
5474.1,1004.0,514.4
5478.1,991.6,508.0
5482.1,999.5,512.0
5486.1,996.5,510.5
5490.1,1008.6,516.7
5492.1,1015.4,520.2
5496.1,996.3,510.4
5498.1,1005.3,515.0
5502.1,997.2,510.9
5504.1,992.3,508.3
5508.1,989.4,506.9
5512.1,951.7,487.6
5514.1,993.5,509.0
5516.1,1008.7,516.7
5520.1,984.3,504.2
5524.1,1001.5,513.1
5526.1,1016.1,520.5
5530.1,1005.6,515.2
5534.1,994.1,509.3
5536.1,974.6,499.3
5538.1,1013.9,519.4
5540.1,999.2,511.9
5544.1,1009.3,517.0
5548.1,987.7,506.0
5552.1,987.8,506.0
5556.1,992.1,508.3
5560.1,981.0,502.6
5564.1,1008.2,516.5
5568.1,994.8,509.6
5572.1,991.3,507.8
5576.1,1002.6,513.6
5580.1,992.5,508.4
5582.1,958.1,490.8
5586.1,962.6,493.1
5590.1,979.9,502.0
5594.1,963.4,493.6
5598.1,971.4,497.6
5602.1,975.2,499.6
5606.1,984.2,504.2
5610.1,999.6,512.1
5614.1,987.1,505.7
5618.1,961.1,492.4
5622.1,966.9,495.3
5624.1,837.4,429.0
5628.1,981.1,502.6
5630.1,945.4,484.3
5632.1,986.4,505.3
5634.1,994.6,509.5
5638.1,975.1,499.5
5642.1,994.1,509.3
5646.1,1005.3,515.0
5650.1,1015.0,520.0
5654.1,985.0,504.6
5658.1,985.2,504.7
5662.1,991.2,507.8
5664.1,984.5,504.4
5666.1,956.4,490.0
5668.1,976.3,500.1
5672.1,1003.8,514.2
5674.1,980.2,502.2
5678.1,999.1,511.9
5682.1,997.5,511.0
5686.1,991.7,508.1
5690.1,996.0,510.3
5694.1,1011.0,517.9
5698.1,1013.5,519.2
5702.1,1010.2,517.5
5706.1,1005.9,515.3
5710.1,998.1,511.3
5714.1,991.5,507.9
5716.1,984.5,504.3
5720.1,999.2,511.9
5724.1,989.6,507.0
5726.1,1001.4,513.0
5730.1,992.6,508.5
5732.1,1003.2,514.0
5736.1,977.3,500.7
5740.1,993.6,509.0
5744.1,995.6,510.0
5748.1,1011.6,518.2
5752.1,1009.8,517.3
5754.1,1007.5,516.1
5758.1,1013.7,519.3
5762.1,1003.9,514.3
5766.1,972.7,498.3
5768.1,994.1,509.3
5772.1,944.0,483.6
5774.1,1012.5,518.7
5778.1,1002.5,513.6
5782.1,989.3,506.8
5784.1,1017.3,521.2
5786.1,996.0,510.3
5790.1,1005.1,514.9
5794.1,978.5,501.3
5796.1,947.7,485.5
5800.1,998.8,511.7
5804.1,1003.4,514.1
5806.1,1021.4,523.2
5808.1,1000.3,512.4
5812.1,1002.7,513.7
5814.1,988.6,506.5
5818.1,1008.2,516.5
5822.1,1006.6,515.7
5824.1,1008.2,516.5
5828.1,999.7,512.1
5832.1,997.3,510.9
5836.1,1002.0,513.3
5838.1,997.5,511.0
5842.1,998.3,511.4
5846.1,1005.4,515.1
5850.1,1011.2,518.0
5854.1,995.5,510.0
5856.1,989.4,506.9
5860.1,1017.2,521.1
5862.1,1008.4,516.6
5866.1,1018.6,521.8
5870.1,999.2,511.9
5874.1,1013.1,519.0
5878.1,1018.8,521.9
5882.1,998.4,511.5
5884.1,1008.2,516.5
5888.1,1013.5,519.2
5892.1,1001.2,512.9
5896.1,1006.5,515.6
5900.1,1010.1,517.5
5904.1,993.9,509.2
5908.1,1010.6,517.7
5912.1,1003.2,513.9
5914.1,1014.2,519.6
5918.1,1016.5,520.8
5920.1,1004.7,514.7
5924.1,985.9,505.1
5928.1,986.8,505.5
5932.1,1017.5,521.2
5934.1,1011.8,518.4
5938.1,998.0,511.3
5942.1,1010.5,517.7
5946.1,1003.4,514.1
5950.1,995.8,510.1
5952.1,990.3,507.3
5956.1,1008.0,516.4
5958.1,1004.5,514.6
5962.1,1008.1,516.5
5966.1,1015.5,520.2
5968.1,1028.3,526.8
5970.1,1000.4,512.5
5972.1,988.9,506.6
5976.1,1005.4,515.0
5980.1,1009.5,517.2
5984.1,1007.7,516.2
5988.1,1005.2,515.0
5992.1,1013.5,519.2
5996.1,1003.1,513.9
6000.1,1002.2,513.4
6004.1,1004.0,514.4
6008.1,1005.6,515.2
6012.1,1018.5,521.8
6016.1,1012.4,518.7
6018.1,997.5,511.0
6022.1,1013.3,519.1
6024.1,1012.7,518.8
6026.1,970.9,497.4
6030.1,969.3,496.6
6032.1,1004.8,514.7
6036.1,1001.4,513.0
6040.1,985.4,504.8
6044.1,1007.7,516.2
6048.1,1011.1,518.0
6052.1,1009.6,517.2
6056.1,1022.5,523.8
6058.1,1006.1,515.4
6062.1,1010.6,517.7
6066.1,1013.8,519.4
6070.1,1012.2,518.5
6074.1,1002.2,513.4
6078.1,995.6,510.0
6080.1,1008.5,516.6
6084.1,1006.5,515.6
6088.1,1012.6,518.8
6092.1,998.6,511.6
6096.1,991.1,507.8
6100.1,996.9,510.7
6104.1,1006.6,515.7
6108.1,1009.5,517.2
6110.1,985.7,505.0
6114.1,1019.5,522.3
6118.1,1023.8,524.5
6120.1,1014.7,519.8
6124.1,1019.7,522.4
6128.1,1000.1,512.4
6130.1,999.2,511.9
6134.1,1003.7,514.2
6138.1,994.3,509.4
6140.1,1011.7,518.3
6144.1,1013.7,519.3
6146.1,1016.2,520.6
6150.1,1004.6,514.6
6154.1,1016.9,520.9
6158.1,1010.8,517.8
6162.1,1013.9,519.4
6166.1,1004.0,514.4
6168.1,1001.1,512.9
6170.1,1015.4,520.2
6174.1,1013.6,519.3
6178.1,1009.0,516.9
6182.1,1019.7,522.4
6186.1,1007.8,516.3
6190.1,1015.4,520.2
6194.1,996.4,510.5
6198.1,937.8,480.4
